﻿<?xml version="1.0" encoding="utf-8"?><ArrayOfEspecialista xmlns:xsi="http://www.w3.org/2001/XMLSchema-instance" xmlns:xsd="http://www.w3.org/2001/XMLSchema"><Especialista><Id>1500</Id><Apellido>Sedgemond</Apellido><Nombre>Brennen</Nombre><Edad>30</Edad><Sexo>masculino</Sexo><Direccion>9927 Sauthoff Lane</Direccion><Campo>Psicologia</Campo></Especialista><Especialista><Id>1502</Id><Apellido>Grannell</Apellido><Nombre>Sibilla</Nombre><Edad>47</Edad><Sexo>femenino</Sexo><Direccion>626 Prentice Plaza</Direccion><Campo>Dermatologia</Campo></Especialista><Especialista><Id>1503</Id><Apellido>Plom</Apellido><Nombre>Shellysheldon</Nombre><Edad>38</Edad><Sexo>masculino</Sexo><Direccion>47091 Sheridan Alley</Direccion><Campo>Obtetricia</Campo></Especialista><Especialista><Id>1504</Id><Apellido>Murthwaite</Apellido><Nombre>Fletch</Nombre><Edad>52</Edad><Sexo>masculino</Sexo><Direccion>10722 Sachtjen Plaza</Direccion><Campo>Obtetricia</Campo></Especialista><Especialista><Id>1505</Id><Apellido>Pidgeon</Apellido><Nombre>Rowan</Nombre><Edad>58</Edad><Sexo>masculino</Sexo><Direccion>4017 Colorado Hill</Direccion><Campo>Dermatologia</Campo></Especialista><Especialista><Id>1506</Id><Apellido>Lynagh</Apellido><Nombre>Dominica</Nombre><Edad>46</Edad><Sexo>femenino</Sexo><Direccion>8645 Birchwood Pass</Direccion><Campo>Odontologia</Campo></Especialista><Especialista><Id>1507</Id><Apellido>McGairl</Apellido><Nombre>Maxie</Nombre><Edad>57</Edad><Sexo>femenino</Sexo><Direccion>4 Lighthouse Bay Park</Direccion><Campo>Oftalmologia</Campo></Especialista><Especialista><Id>1508</Id><Apellido>Popeley</Apellido><Nombre>Cosette</Nombre><Edad>20</Edad><Sexo>femenino</Sexo><Direccion>2 Carpenter Parkway</Direccion><Campo>Odontologia</Campo></Especialista><Especialista><Id>1509</Id><Apellido>Beves</Apellido><Nombre>Wheeler</Nombre><Edad>24</Edad><Sexo>masculino</Sexo><Direccion>80373 Red Cloud Hill</Direccion><Campo>Dermatologia</Campo></Especialista><Especialista><Id>1510</Id><Apellido>Prandy</Apellido><Nombre>Leontyne</Nombre><Edad>29</Edad><Sexo>femenino</Sexo><Direccion>92 Jenna Drive</Direccion><Campo>Dermatologia</Campo></Especialista><Especialista><Id>1511</Id><Apellido>Ranken</Apellido><Nombre>Sergio</Nombre><Edad>33</Edad><Sexo>masculino</Sexo><Direccion>930 Kedzie Lane</Direccion><Campo>Dermatologia</Campo></Especialista><Especialista><Id>1512</Id><Apellido>Beckhouse</Apellido><Nombre>Sebastian</Nombre><Edad>16</Edad><Sexo>masculino</Sexo><Direccion>28 Maple Wood Circle</Direccion><Campo>Odontologia</Campo></Especialista><Especialista><Id>1513</Id><Apellido>Sickert</Apellido><Nombre>Yuma</Nombre><Edad>45</Edad><Sexo>masculino</Sexo><Direccion>1 Acker Lane</Direccion><Campo>ClinicaGeneral</Campo></Especialista><Especialista><Id>1514</Id><Apellido>Leivesley</Apellido><Nombre>Yancy</Nombre><Edad>29</Edad><Sexo>masculino</Sexo><Direccion>77368 Bayside Circle</Direccion><Campo>ClinicaGeneral</Campo></Especialista><Especialista><Id>1515</Id><Apellido>Dunk</Apellido><Nombre>Aymer</Nombre><Edad>55</Edad><Sexo>masculino</Sexo><Direccion>9 Monterey Park</Direccion><Campo>ClinicaGeneral</Campo></Especialista><Especialista><Id>1516</Id><Apellido>Burtwell</Apellido><Nombre>Constantine</Nombre><Edad>24</Edad><Sexo>femenino</Sexo><Direccion>12399 Del Sol Road</Direccion><Campo>Odontologia</Campo></Especialista><Especialista><Id>1517</Id><Apellido>Burgot</Apellido><Nombre>Leela</Nombre><Edad>25</Edad><Sexo>femenino</Sexo><Direccion>28 Lunder Alley</Direccion><Campo>ClinicaGeneral</Campo></Especialista><Especialista><Id>1518</Id><Apellido>De Witt</Apellido><Nombre>Uriel</Nombre><Edad>22</Edad><Sexo>masculino</Sexo><Direccion>74 Cody Avenue</Direccion><Campo>Odontologia</Campo></Especialista><Especialista><Id>1519</Id><Apellido>Kitching</Apellido><Nombre>Billie</Nombre><Edad>46</Edad><Sexo>masculino</Sexo><Direccion>34 Bellgrove Center</Direccion><Campo>Odontologia</Campo></Especialista></ArrayOfEspecialista>